Downtown Raleigh, Raleigh, NC, USA
North Hills, Raleigh, NC, USA
Midtown Raleigh, Raleigh, NC, USA
Glenwood South, Raleigh, NC, USA
Cameron Village, Raleigh, NC, USA
Five Points, Raleigh, NC, USA
Oakwood, Raleigh, NC, USA
Boylan Heights, Raleigh, NC, USA
ITB (Inside the Beltline), Raleigh, NC, USA
North Raleigh, Raleigh, NC, USA
Brier Creek, Raleigh, NC, USA
Falls of Neuse, Raleigh, NC, USA
Wakefield, Raleigh, NC, USA
West Raleigh, Raleigh, NC, USA
Cary Area, Cary, NC, USA
Downtown Cary, Cary, NC, USA
Preston, Cary, NC, USA
Waverly Place, Cary, NC, USA
Apex Area, Apex, NC, USA
Downtown Apex, Apex, NC, USA
Holly Springs Area, Holly Springs, NC, USA
Fuquay-Varina Area, Fuquay-Varina, NC, USA
Garner Area, Garner, NC, USA
Knightdale Area, Knightdale, NC, USA
Wake Forest Area, Wake Forest, NC, USA
Downtown Wake Forest, Wake Forest, NC, USA
Rolesville Area, Rolesville, NC, USA
Durham Area, Durham, NC, USA
Downtown Durham, Durham, NC, USA
Duke Park, Durham, NC, USA
Trinity Park, Durham, NC, USA
Old West Durham, Durham, NC, USA
Brightleaf, Durham, NC, USA
Hope Valley, Durham, NC, USA
Southpoint Area, Durham, NC, USA
Research Triangle Park, Durham, NC, USA
Chapel Hill Area, Chapel Hill, NC, USA
Downtown Chapel Hill, Chapel Hill, NC, USA
Carrboro Area, Carrboro, NC, USA
Hillsborough Area, Hillsborough, NC, USA
Morrisville Area, Morrisville, NC, USA
Clayton Area, Clayton, NC, USA
Wendell Area, Wendell, NC, USA
Zebulon Area, Zebulon, NC, USA
Pittsboro Area, Pittsboro, NC, USA
Chatham Park, Pittsboro, NC, USA
Angier Area, Angier, NC, USA
Sanford Area, Sanford, NC, USA
Mebane Area, Mebane, NC, USA
Burlington Area, Burlington, NC, USA
Downtown Tampa, Tampa, FL, USA
Channelside, Tampa, FL, USA
Ybor City, Tampa, FL, USA
Tampa Heights, Tampa, FL, USA
Seminole Heights, Tampa, FL, USA
Hyde Park, Tampa, FL, USA
Harbour Island, Tampa, FL, USA
Davis Islands, Tampa, FL, USA
Bayshore, Tampa, FL, USA
Palma Ceia, Tampa, FL, USA
South Tampa, Tampa, FL, USA
Westshore, Tampa, FL, USA
Carrollwood, Tampa, FL, USA
New Tampa, Tampa, FL, USA
Wesley Chapel Area, Wesley Chapel, FL, USA
Lutz Area, Lutz, FL, USA
Land O' Lakes Area, Land O' Lakes, FL, USA
Odessa Area, Odessa, FL, USA
Brandon Area, Brandon, FL, USA
Riverview Area, Riverview, FL, USA
Valrico Area, Valrico, FL, USA
FishHawk Ranch, Lithia, FL, USA
Apollo Beach Area, Apollo Beach, FL, USA
Ruskin Area, Ruskin, FL, USA
St. Petersburg Area, St. Petersburg, FL, USA
Downtown St. Petersburg, St. Petersburg, FL, USA
Old Northeast, St. Petersburg, FL, USA
Kenwood, St. Petersburg, FL, USA
Grand Central District, St. Petersburg, FL, USA
Snell Isle, St. Petersburg, FL, USA
Shore Acres, St. Petersburg, FL, USA
Gulfport Area, Gulfport, FL, USA
Clearwater Area, Clearwater, FL, USA
Downtown Clearwater, Clearwater, FL, USA
Clearwater Beach, Clearwater, FL, USA
Dunedin Area, Dunedin, FL, USA
Palm Harbor Area, Palm Harbor, FL, USA
Tarpon Springs Area, Tarpon Springs, FL, USA
Safety Harbor Area, Safety Harbor, FL, USA
Largo Area, Largo, FL, USA
Seminole Area, Seminole, FL, USA
Indian Rocks Beach, Indian Rocks Beach, FL, USA
Madeira Beach Area, Madeira Beach, FL, USA
Treasure Island Area, Treasure Island, FL, USA
St. Pete Beach Area, St. Pete Beach, FL, USA
Tierra Verde Area, Tierra Verde, FL, USA
Oldsmar Area, Oldsmar, FL, USA
Trinity Area, Trinity, FL, USA
Zephyrhills Area, Zephyrhills, FL, USA
Dade City Area, Dade City, FL, USA
Downtown Nashville, Nashville, TN, USA
The Gulch, Nashville, TN, USA
Germantown, Nashville, TN, USA
East Nashville, Nashville, TN, USA
Five Points East, Nashville, TN, USA
Lockeland Springs, Nashville, TN, USA
Inglewood, Nashville, TN, USA
Madison Area, Nashville, TN, USA
Midtown Nashville, Nashville, TN, USA
Music Row, Nashville, TN, USA
Edgehill Village, Nashville, TN, USA
Hillsboro Village, Nashville, TN, USA
12 South, Nashville, TN, USA
Belmont-Hillsboro, Nashville, TN, USA
Green Hills, Nashville, TN, USA
Belle Meade, Nashville, TN, USA
West End, Nashville, TN, USA
Sylvan Park, Nashville, TN, USA
The Nations, Nashville, TN, USA
Charlotte Park, Nashville, TN, USA
West Nashville, Nashville, TN, USA
Bellevue Area, Nashville, TN, USA
North Nashville, Nashville, TN, USA
Salemtown, Nashville, TN, USA
Buchanan Arts District, Nashville, TN, USA
Donelson Area, Nashville, TN, USA
Hermitage Area, Nashville, TN, USA
Mt. Juliet Area, Mt. Juliet, TN, USA
Lebanon Area, Lebanon, TN, USA
Antioch Area, Nashville, TN, USA
Brentwood Area, Brentwood, TN, USA
Franklin Area, Franklin, TN, USA
Downtown Franklin, Franklin, TN, USA
Cool Springs, Franklin, TN, USA
Berry Farms, Franklin, TN, USA
Westhaven, Franklin, TN, USA
Spring Hill Area, Spring Hill, TN, USA
Thompson's Station Area, Thompson's Station, TN, USA
Nolensville Area, Nolensville, TN, USA
Murfreesboro Area, Murfreesboro, TN, USA
Downtown Murfreesboro, Murfreesboro, TN, USA
Smyrna Area, Smyrna, TN, USA
La Vergne Area, La Vergne, TN, USA
Hendersonville Area, Hendersonville, TN, USA
Gallatin Area, Gallatin, TN, USA
Goodlettsville Area, Goodlettsville, TN, USA
White House Area, White House, TN, USA
Springfield Area, Springfield, TN, USA
Fairview Area, Fairview, TN, USA
Dickson Area, Dickson, TN, USA
